src, dst, w
"blogger.com", "blogspot.com", 2272709
"blogspot.com", "feedburner.com", 155688
"blogspot.com", "wikipedia.org", 147802
"blogspot.com", "technorati.com", 133793
"blogspot.com", "google.com", 132372
"blogmura.com", "rakuten.co.jp", 125025
"ameblo.jp", "blogmura.com", 79215
"blogspot.com", "yahoo.com", 78597
"blogspot.com", "flickr.com", 77658
"blogspot.com", "photobucket.com", 75435
"bbc.co.uk", "blogspot.com", 68324
"twitter.com", "wordpress.com", 67056
"blogspot.com", "wordpress.com", 65316
"blogspot.com", "youtube.com", 62242
"amazon.com", "blogspot.com", 57519
"blogspot.com", "nytimes.com", 48971
"blogspot.com", "twitter.com", 47343
"addthis.com", "blogspot.com", 40806
"wikipedia.org", "wordpress.com", 31433
"livedoor.com", "livedoor.jp", 30365
"blogspot.com", "typepad.com", 28349
"blogspot.com", "digg.com", 28207
"blogspot.com", "icio.us", 27377
"blogspot.com", "washingtonpost.com", 24432
"blogspot.com", "myspace.com", 21633
"msplinks.com", "myspace.com", 20111
"blogspot.com", "reddit.com", 19902
"blogspot.com", "imdb.com", 19317
"blogspot.com", "facebook.com", 17009
"blogalaxia.com", "blogspot.com", 16197
"blogspot.com", "guardian.co.uk", 16082
"blogspot.com", "cnn.com", 15657
"blogspot.com", "msn.com", 13981
"blogmura.com", "livedoor.jp", 13955
"blogspot.com", "reuters.com", 12894
"blogspot.com", "go.com", 11974
"blogspot.com", "telegraph.co.uk", 11909
"guardian.co.uk", "indeed.com", 11904
"ameblo.jp", "rakuten.co.jp", 11092
"blogspot.com", "bloomberg.com", 10982
"blogspot.com", "wsj.com", 9406
"blogspot.com", "stumbleupon.com", 8770
"blogspot.com", "latimes.com", 8707
"blogspot.com", "timesonline.co.uk", 8488
"blogspot.com", "huffingtonpost.com", 8050
"amazon.co.jp", "ameblo.jp", 6679
"blogspot.com", "cdc.gov", 5790
"blogspot.com", "vimeo.com", 5690
"wordpress.com", "youtube.com", 5676
"google.com", "wordpress.com", 5551
"amazon.com", "typepad.com", 4812
"nytimes.com", "wordpress.com", 4558
"typepad.com", "wikipedia.org", 4466
"typepad.com", "wordpress.com", 4224
"blogmura.com", "fc2.com", 4209
"blogspot.com", "tinyurl.com", 4066
"ameblo.jp", "fc2.com", 3940
"blogspot.com", "usatoday.com", 3647
"24timepass.com", "blogspot.com", 3556
"blogspot.com", "livejournal.com", 3452
"amazon.co.jp", "fc2.com", 3446
"nytimes.com", "typepad.com", 3392
"wordpress.com", "yahoo.com", 3358
"blogspot.com", "microsoft.com", 3086
"blogspot.com", "dailykos.com", 3000
"ameblo.jp", "yahoo.co.jp", 2920
"cnn.com", "google.com", 2748
"flickr.com", "wordpress.com", 2681
"amazon.com", "wordpress.com", 2615
"cnn.com", "wordpress.com", 2459
"blogmura.com", "blogspot.com", 2405
"amazon.co.jp", "livedoor.jp", 2399
"bbc.co.uk", "wordpress.com", 2385
"myspace.com", "wordpress.com", 2377
"apple.com", "blogspot.com", 2224
"microsoft.com", "msdn.com", 2192
"blogspot.com", "creativecommons.org", 2175
"fc2.com", "rakuten.co.jp", 2110
"imdb.com", "wordpress.com", 2037
"twitter.com", "typepad.com", 2024
"blogspot.com", "whitehouse.gov", 2007
"amazon.co.jp", "blogspot.com", 1988
"amazon.com", "wikipedia.org", 1972
"washingtonpost.com", "wordpress.com", 1909
"blogspot.com", "topix.net", 1722
"typepad.com", "youtube.com", 1667
"bloomberg.com", "google.com", 1608
"myspace.com", "typepad.com", 1558
"guardian.co.uk", "wordpress.com", 1542
"blogspot.com", "cnet.com", 1479
"live.com", "msn.com", 1468
"livedoor.jp", "rakuten.co.jp", 1460
"fc2.com", "livedoor.jp", 1376
"google.com", "typepad.com", 1202
"facebook.com", "wordpress.com", 1173
"amazon.com", "nytimes.com", 1166
"delicious.com", "wordpress.com", 1166
"typepad.com", "washingtonpost.com", 1103
"blogspot.com", "live.com", 1088
"live.com", "wikipedia.org", 1066
"ameblo.jp", "youtube.com", 1061
"blogger.com", "google.com", 1033
"24timepass.com", "feedburner.com", 1026
"24timepass.com", "addthis.com", 1026
"bloomberg.com", "wordpress.com", 1022
"americablog.com", "blogger.com", 1008
"reuters.com", "wordpress.com", 1002
"bloomberg.com", "topix.net", 988
"go.com", "wordpress.com", 943
"blogspot.com", "engadget.com", 937
"twitter.com", "zappos.com", 936
"wordpress.com", "wsj.com", 917
"msn.com", "wordpress.com", 916
"livedoor.jp", "yahoo.co.jp", 863
"live.com", "microsoft.com", 861
"typepad.com", "yahoo.com", 846
"huffingtonpost.com", "wordpress.com", 837
"americablog.com", "blogspot.com", 816
"amazon.com", "apple.com", 781
"latimes.com", "wordpress.com", 780
"typepad.com", "wsj.com", 740
"bit.ly", "wordpress.com", 739
"tinyurl.com", "wordpress.com", 731
"telegraph.co.uk", "wordpress.com", 720
"ameblo.jp", "wikipedia.org", 708
"ameblo.jp", "livedoor.jp", 708
"amazon.com", "google.com", 689
"flickr.com", "typepad.com", 679
"imdb.com", "typepad.com", 677
"google.com", "tinyurl.com", 657
"guardian.co.uk", "wikipedia.org", 635
"cnn.com", "nytimes.com", 626
"cnn.com", "twitter.com", 611
"guardian.co.uk", "typepad.com", 610
"google.com", "nytimes.com", 603
"digg.com", "yahoo.com", 600
"rakuten.co.jp", "youtube.com", 593
"bbc.co.uk", "typepad.com", 583
"timesonline.co.uk", "typepad.com", 581
"amazon.com", "wsj.com", 556
"msn.com", "nytimes.com", 552
"fc2.com", "yahoo.co.jp", 548
"ow.ly", "typepad.com", 542
"amazon.com", "guardian.co.uk", 538
"timesonline.co.uk", "wordpress.com", 532
"amazon.com", "cnet.com", 528
"guardian.co.uk", "youtube.com", 523
"live.com", "msdn.com", 515
"blogspot.com", "sourceforge.net", 503
"cnn.com", "typepad.com", 502
"blogspot.com", "techcrunch.com", 489
"americablog.com", "digg.com", 488
"americablog.com", "facebook.com", 483
"americablog.com", "reddit.com", 483
"americablog.com", "stumbleupon.com", 481
"cnet.com", "google.com", 480
"amazon.com", "washingtonpost.com", 477
"fc2.com", "wikipedia.org", 476
"blogspot.com", "cnbc.com", 455
"blogmura.com", "tinyurl.com", 443
"fc2.com", "youtube.com", 442
"tinyurl.com", "typepad.com", 439
"adobe.com", "blogspot.com", 436
"microsoft.com", "wordpress.com", 434
"go.com", "typepad.com", 431
"rakuten.co.jp", "yahoo.co.jp", 425
"blogspot.com", "delicious.com", 421
"livejournal.com", "wordpress.com", 414
"amazon.com", "myspace.com", 411
"creativecommons.org", "wordpress.com", 408
"google.com", "twitter.com", 406
"bloomberg.com", "yahoo.com", 401
"blogspot.com", "msdn.com", 399
"google.com", "usatoday.com", 398
"latimes.com", "typepad.com", 398
"facebook.com", "typepad.com", 397
"usatoday.com", "wordpress.com", 396
"cnet.com", "cnn.com", 393
"apple.com", "wordpress.com", 389
"fc2.com", "google.com", 379
"amazon.com", "latimes.com", 378
"ameblo.jp", "livedoor.com", 378
"blogspot.com", "rakuten.co.jp", 372
"huffingtonpost.com", "typepad.com", 366
"bit.ly", "blogspot.com", 360
"msn.com", "washingtonpost.com", 349
"photobucket.com", "wordpress.com", 342
"huffingtonpost.com", "nytimes.com", 330
"msn.com", "typepad.com", 327
"google.com", "live.com", 314
"livedoor.jp", "youtube.com", 314
"telegraph.co.uk", "typepad.com", 311
"reuters.com", "typepad.com", 310
"bbc.co.uk", "guardian.co.uk", 307
"nytimes.com", "yahoo.com", 301
"ameblo.jp", "google.com", 299
"whitehouse.gov", "wordpress.com", 299
"feedburner.com", "wordpress.com", 292
"bloomberg.com", "typepad.com", 281
"blogspot.com", "fc2.com", 279
"twitter.com", "yahoo.com", 276
"rakuten.co.jp", "wikipedia.org", 274
"wsj.com", "yahoo.com", 267
"live.com", "wordpress.com", 263
"cdc.gov", "wordpress.com", 263
"blogger.com", "wordpress.com", 258
"cnn.com", "youtube.com", 258
"live.com", "yahoo.com", 258
"amazon.com", "cnn.com", 252
"yahoo.com", "youtube.com", 252
"amazon.com", "live.com", 245
"americablog.com", "yahoo.com", 243
"cnet.com", "yahoo.com", 240
"wikipedia.org", "yahoo.com", 236
"facebook.com", "fc2.com", 235
"cnet.com", "twitter.com", 229
"google.com", "wikipedia.org", 227
"livedoor.jp", "wikipedia.org", 227
"cnn.com", "yahoo.com", 226
"technorati.com", "typepad.com", 226
"icio.us", "wordpress.com", 221
"google.com", "yahoo.com", 220
"msn.com", "youtube.com", 219
"live.com", "youtube.com", 215
"cnet.com", "wordpress.com", 214
"bigblog.com", "cnn.com", 208
"cnn.com", "topix.net", 200
"sourceforge.net", "wordpress.com", 200
"typepad.com", "whitehouse.gov", 198
"blogspot.com", "msplinks.com", 193
"google.com", "guardian.co.uk", 183
"vimeo.com", "wordpress.com", 181
"blogspot.com", "oyax.com", 180
"amazon.com", "msn.com", 180
"reuters.com", "wikipedia.org", 180
"go.com", "google.com", 179
"cdc.gov", "cnn.com", 179
"cnet.com", "wikipedia.org", 178
"guardian.co.uk", "nytimes.com", 175
"timesonline.co.uk", "tinyurl.com", 175
"bit.ly", "twitter.com", 173
"blogspot.com", "google.de", 171
"msdn.com", "wikipedia.org", 168
"amazon.com", "timesonline.co.uk", 166
"blogspot.com", "jumptags.com", 165
"google.com", "msn.com", 165
"nytimes.com", "reuters.com", 162
"typepad.com", "usatoday.com", 162
"amazon.co.jp", "rakuten.co.jp", 161
"nytimes.com", "wsj.com", 154
"cnn.com", "go.com", 151
"live.com", "nytimes.com", 151
"blogspot.com", "github.com", 150
"nytimes.com", "youtube.com", 149
"amazon.com", "techcrunch.com", 148
"apple.com", "cnet.com", 148
"cnn.com", "msn.com", 147
"blogspot.com", "doubleclick.net", 143
"ameblo.jp", "msn.com", 143
"techcrunch.com", "twitter.com", 143
"blogspot.com", "mylinkvault.com", 142
"blogspot.com", "is.gd", 141
"huffingtonpost.com", "wikipedia.org", 140
"ameblo.jp", "tinyurl.com", 139
"engadget.com", "wordpress.com", 139
"ameblo.jp", "technorati.com", 138
"bigblog.com", "yahoo.com", 136
"blogspot.com", "zappos.com", 135
"google.com", "wsj.com", 135
"nytimes.com", "washingtonpost.com", 134
"guardian.co.uk", "telegraph.co.uk", 133
"bloomberg.com", "live.com", 130
"blogspot.com", "wnyc.org", 127
"blogspot.com", "netvouz.com", 126
"cnn.com", "washingtonpost.com", 124
"digg.com", "wordpress.com", 124
"google.com", "technorati.com", 123
"huffingtonpost.com", "youtube.com", 122
"huffingtonpost.com", "washingtonpost.com", 122
"fc2.com", "livedoor.com", 121
"blogspot.com", "newscola.com", 120
"apple.com", "typepad.com", 120
"cnn.com", "facebook.com", 120
"blogmura.com", "yahoo.co.jp", 119
"techcrunch.com", "wordpress.com", 119
"google.com", "rakuten.co.jp", 118
"bbc.co.uk", "creativecommons.org", 118
"myspace.com", "wikipedia.org", 117
"latimes.com", "msn.com", 117
"amazon.com", "huffingtonpost.com", 116
"dailykos.com", "wordpress.com", 116
"ameblo.jp", "flickr.com", 116
"bloomberg.com", "cdc.gov", 115
"google.com", "huffingtonpost.com", 113
"bbc.co.uk", "telegraph.co.uk", 113
"technorati.com", "wordpress.com", 112
"dailykos.com", "washingtonpost.com", 112
"typepad.com", "vimeo.com", 111
"americablog.com", "washingtonpost.com", 110
"msn.com", "usatoday.com", 110
"engadget.com", "yahoo.com", 110
"livejournal.com", "typepad.com", 109
"amazon.com", "bbc.co.uk", 108
"nytimes.com", "twitter.com", 107
"cnn.com", "imdb.com", 106
"washingtonpost.com", "wsj.com", 105
"cnn.com", "usatoday.com", 105
"is.gd", "wordpress.com", 105
"guardian.co.uk", "yahoo.com", 104
"twitter.com", "wefollow.com", 103
"google.com", "reuters.com", 103
"livedoor.com", "rakuten.co.jp", 103
"wordpress.com", "wordpress.org", 101
"doubleclick.net", "yahoo.com", 101
"adobe.com", "wordpress.com", 100
"cdc.gov", "typepad.com", 100
"google.com", "youtube.com", 98
"americablog.com", "nytimes.com", 97
"ameblo.jp", "blogspot.com", 96
"addthis.com", "yahoo.com", 96
"guardian.co.uk", "timesonline.co.uk", 95
"amazon.com", "tinyurl.com", 93
"ameblo.jp", "icio.us", 93
"msdn.com", "twitter.com", 93
"bbc.co.uk", "nytimes.com", 92
"techcrunch.com", "yahoo.com", 92
"dailykos.com", "nytimes.com", 91
"nytimes.com", "topix.net", 89
"google.de", "yahoo.com", 89
"dailykos.com", "wikipedia.org", 89
"topix.net", "typepad.com", 88
"reuters.com", "wsj.com", 88
"cnn.com", "latimes.com", 87
"nytimes.com", "wikipedia.org", 86
"ameblo.jp", "myspace.com", 86
"24timepass.com", "wikipedia.org", 86
"google.com", "washingtonpost.com", 85
"techcrunch.com", "typepad.com", 85
"microsoft.com", "yahoo.com", 83
"dailykos.com", "typepad.com", 83
"techcrunch.com", "washingtonpost.com", 83
"blogspot.com", "igooi.com", 80
"guardian.co.uk", "twitter.com", 80
"wordpress.com", "zappos.com", 78
"msn.com", "wsj.com", 76
"digg.com", "wikipedia.org", 76
"live.com", "whitehouse.gov", 76
"huffingtonpost.com", "twitter.com", 75
"guardian.co.uk", "washingtonpost.com", 74
"flickr.com", "google.com", 72
"msn.com", "rakuten.co.jp", 72
"cnn.com", "live.com", 72
"latimes.com", "nytimes.com", 72
"facebook.com", "live.com", 71
"bbc.co.uk", "wikipedia.org", 71
"americablog.com", "cnn.com", 71
"reuters.com", "yahoo.com", 71
"blogspot.com", "yahoo.co.jp", 70
"creativecommons.org", "typepad.com", 70
"amazon.com", "flickr.com", 69
"flickr.com", "live.com", 69
"cnn.com", "huffingtonpost.com", 69
"cnet.com", "typepad.com", 69
"latimes.com", "wikipedia.org", 69
"cdc.gov", "live.com", 69
"bbc.co.uk", "live.com", 68
"msdn.com", "wordpress.com", 68
"apple.com", "yahoo.com", 67
"washingtonpost.com", "yahoo.com", 67
"live.com", "twitter.com", 67
"live.com", "typepad.com", 67
"huffingtonpost.com", "yahoo.com", 67
"imdb.com", "live.com", 66
"google.de", "reuters.com", 66
"bloomberg.com", "wsj.com", 66
"amazon.com", "yahoo.com", 65
"washingtonpost.com", "youtube.com", 65
"ameblo.jp", "reuters.com", 65
"digg.com", "youtube.com", 64
"cnet.com", "youtube.com", 64
"huffingtonpost.com", "wsj.com", 64
"livedoor.jp", "msn.com", 63
"google.com", "techcrunch.com", 60
"fc2.com", "wordpress.com", 60
"rakuten.co.jp", "reuters.com", 60
"guardian.co.uk", "wsj.com", 59
"cnn.com", "whitehouse.gov", 59
"cnet.com", "nytimes.com", 59
"cnet.com", "wsj.com", 59
"go.com", "nytimes.com", 59
"go.com", "yahoo.com", 59
"go.com", "live.com", 59
"live.com", "photobucket.com", 59
"ameblo.jp", "livejournal.com", 59
"amazon.com", "youtube.com", 58
"google.com", "microsoft.com", 57
"americablog.com", "msn.com", 57
"huffingtonpost.com", "msn.com", 57
"wikipedia.org", "wordpress.org", 56
"cnet.com", "facebook.com", 56
"cnbc.com", "wordpress.com", 56
"cnet.com", "microsoft.com", 55
"amazon.com", "go.com", 54
"americablog.com", "cnbc.com", 54
"cnet.com", "msn.com", 54
"telegraph.co.uk", "twitter.com", 54
"bloomberg.com", "msn.com", 54
"google.com", "stumbleupon.com", 53
"bbc.co.uk", "twitter.com", 52
"guardian.co.uk", "huffingtonpost.com", 52
"facebook.com", "yahoo.com", 51
"guardian.co.uk", "imdb.com", 51
"reddit.com", "wikipedia.org", 51
"blogspot.com", "livedoor.jp", 50
"fc2.com", "flickr.com", 50
"bigblog.com", "cnet.com", 50
"google.de", "wordpress.com", 50
"telegraph.co.uk", "wikipedia.org", 50
"flickr.com", "yahoo.com", 49
"cdc.gov", "dailykos.com", 49
"stumbleupon.com", "wordpress.com", 49
"blogspot.com", "wordpress.org", 48
"latimes.com", "youtube.com", 48
"feedburner.com", "google.com", 47
"ameblo.jp", "digg.com", 47
"blogspot.com", "ow.ly", 46
"nytimes.com", "telegraph.co.uk", 46
"tinyurl.com", "twitter.com", 46
"feedburner.com", "typepad.com", 46
"guardian.co.uk", "reuters.com", 46
"cnn.com", "dailykos.com", 46
"cnet.com", "livedoor.com", 46
"msdn.com", "msn.com", 46
"github.com", "wordpress.com", 46
"blogspot.com", "livedoor.com", 45
"bit.ly", "typepad.com", 45
"microsoft.com", "typepad.com", 45
"ameblo.jp", "wordpress.com", 45
"washingtonpost.com", "whitehouse.gov", 44
"fc2.com", "msn.com", 44
"huffingtonpost.com", "latimes.com", 44
"live.com", "myspace.com", 43
"telegraph.co.uk", "youtube.com", 43
"twitter.com", "washingtonpost.com", 42
"facebook.com", "google.com", 42
"bbc.co.uk", "huffingtonpost.com", 42
"guardian.co.uk", "tinyurl.com", 42
"engadget.com", "wikipedia.org", 42
"is.gd", "twitter.com", 41
"telegraph.co.uk", "tinyurl.com", 41
"reddit.com", "wordpress.com", 41
"twitter.com", "wsj.com", 40
"msn.com", "yahoo.com", 40
"photobucket.com", "typepad.com", 40
"nytimes.com", "timesonline.co.uk", 39
"bbc.co.uk", "youtube.com", 39
"americablog.com", "guardian.co.uk", 39
"digg.com", "google.com", 39
"live.com", "technorati.com", 39
"icio.us", "yahoo.com", 39
"blogspot.com", "macromedia.com", 38
"blogspot.com", "voritos.com", 38
"msplinks.com", "wordpress.com", 38
"google.com", "icio.us", 37
"myspace.com", "yahoo.com", 37
"facebook.com", "reuters.com", 37
"bigblog.com", "msn.com", 37
"amazon.com", "wnyc.org", 36
"washingtonpost.com", "wikipedia.org", 36
"guardian.co.uk", "latimes.com", 36
"cnet.com", "reuters.com", 36
"latimes.com", "washingtonpost.com", 36
"icio.us", "washingtonpost.com", 36
"google.com", "telegraph.co.uk", 35
"google.com", "livedoor.jp", 35
"flickr.com", "rakuten.co.jp", 35
"feedburner.com", "live.com", 35
"americablog.com", "dailykos.com", 35
"cnet.com", "whitehouse.gov", 35
"live.com", "usatoday.com", 35
"dailykos.com", "huffingtonpost.com", 35
"is.gd", "typepad.com", 35
"bloomberg.com", "nytimes.com", 35
"google.com", "reddit.com", 34
"amazon.com", "dailykos.com", 34
"bbc.co.uk", "google.com", 34
"live.com", "washingtonpost.com", 34
"live.com", "sourceforge.net", 34
"cnbc.com", "nytimes.com", 34
"ow.ly", "twitter.com", 34
"cnet.com", "techcrunch.com", 33
"bloomberg.com", "google.de", 33
"apple.com", "live.com", 32
"facebook.com", "techcrunch.com", 32
"wsj.com", "youtube.com", 32
"wnyc.org", "youtube.com", 32
"addthis.com", "wordpress.com", 32
"huffingtonpost.com", "reuters.com", 32
"usatoday.com", "yahoo.com", 32
"amazon.com", "msdn.com", 31
"apple.com", "google.com", 31
"msn.com", "twitter.com", 31
"dailykos.com", "msn.com", 31
"ameblo.jp", "cnet.com", 31
"huffingtonpost.com", "timesonline.co.uk", 31
"huffingtonpost.com", "whitehouse.gov", 31
"reddit.com", "youtube.com", 31
"bbc.co.uk", "yahoo.com", 30
"guardian.co.uk", "msn.com", 30
"go.com", "topix.net", 30
"livedoor.com", "yahoo.co.jp", 30
"nytimes.com", "usatoday.com", 29
"latimes.com", "wsj.com", 29
"latimes.com", "reuters.com", 29
"telegraph.co.uk", "yahoo.com", 29
"stumbleupon.com", "yahoo.com", 29
"reddit.com", "yahoo.com", 29
"amazon.com", "engadget.com", 28
"microsoft.com", "msn.com", 28
"imdb.com", "reuters.com", 28
"cnet.com", "guardian.co.uk", 28
"cnet.com", "engadget.com", 28
"go.com", "youtube.com", 28
"bloomberg.com", "huffingtonpost.com", 28
"typepad.com", "zappos.com", 27
"adobe.com", "nytimes.com", 27
"adobe.com", "yahoo.com", 27
"cnn.com", "wikipedia.org", 27
"latimes.com", "yahoo.com", 27
"telegraph.co.uk", "timesonline.co.uk", 27
"delicious.com", "fc2.com", 27
"amazon.co.jp", "wordpress.com", 27
"bit.ly", "guardian.co.uk", 26
"americablog.com", "wordpress.com", 26
"americablog.com", "huffingtonpost.com", 26
"cnn.com", "google.de", 26
"tinyurl.com", "wordpress.org", 25
"americablog.com", "youtube.com", 25
"cnn.com", "guardian.co.uk", 25
"go.com", "washingtonpost.com", 25
"cnbc.com", "yahoo.com", 25
"doubleclick.net", "wordpress.com", 25
"cdc.gov", "yahoo.com", 25
"amazon.com", "reuters.com", 24
"guardian.co.uk", "techcrunch.com", 24
"go.com", "huffingtonpost.com", 24
"dailykos.com", "youtube.com", 24
"indeed.com", "techcrunch.com", 24
"apple.com", "fc2.com", 23
"adobe.com", "typepad.com", 23
"adobe.com", "netvouz.com", 23
"bbc.co.uk", "timesonline.co.uk", 23
"msn.com", "wikipedia.org", 23
"cnn.com", "reuters.com", 23
"cnet.com", "flickr.com", 23
"fc2.com", "reuters.com", 23
"usatoday.com", "washingtonpost.com", 23
"ow.ly", "wordpress.com", 23
"blogger.com", "typepad.com", 22
"nytimes.com", "techcrunch.com", 22
"bit.ly", "google.com", 22
"apple.com", "livedoor.jp", 22
"adobe.com", "google.com", 22
"cnn.com", "telegraph.co.uk", 22
"digg.com", "tinyurl.com", 22
"cnet.com", "digg.com", 22
"fc2.com", "yahoo.com", 22
"dailykos.com", "yahoo.com", 22
"rakuten.co.jp", "typepad.com", 22
"flickr.com", "guardian.co.uk", 21
"bit.ly", "nytimes.com", 21
"apple.com", "washingtonpost.com", 21
"apple.com", "techcrunch.com", 21
"guardian.co.uk", "myspace.com", 21
"go.com", "reuters.com", 21
"latimes.com", "whitehouse.gov", 21
"cdc.gov", "reuters.com", 21
"telegraph.co.uk", "washingtonpost.com", 21
"nytimes.com", "whitehouse.gov", 20
"igooi.com", "mylinkvault.com", 20
"americablog.com", "reuters.com", 20
"cnbc.com", "typepad.com", 20
"reuters.com", "washingtonpost.com", 20
"telegraph.co.uk", "wsj.com", 20
"techcrunch.com", "wikipedia.org", 20
"bloomberg.com", "guardian.co.uk", 20
"livedoor.jp", "yahoo.com", 20
"24timepass.com", "imdb.com", 20
"blogspot.com", "indeed.com", 19
"nytimes.com", "wnyc.org", 19
"facebook.com", "guardian.co.uk", 19
"msn.com", "reuters.com", 19
"digg.com", "typepad.com", 19
"dailykos.com", "google.com", 19
"engadget.com", "flickr.com", 19
"techcrunch.com", "wsj.com", 19
"livedoor.jp", "myspace.com", 19
"msdn.com", "youtube.com", 19
"adobe.com", "macromedia.com", 18
"bbc.co.uk", "msn.com", 18
"bbc.co.uk", "fc2.com", 18
"msn.com", "topix.net", 18
"msn.com", "techcrunch.com", 18
"guardian.co.uk", "topix.net", 18
"guardian.co.uk", "live.com", 18
"cnn.com", "wsj.com", 18
"latimes.com", "live.com", 18
"ameblo.jp", "yahoo.com", 18
"cdc.gov", "cnet.com", 18
"engadget.com", "typepad.com", 18
"delicious.com", "typepad.com", 18
"addthis.com", "google.com", 18
"msdn.com", "sourceforge.net", 18
"blogspot.com", "siimteller.com", 17
"microsoft.com", "washingtonpost.com", 17
"americablog.com", "go.com", 17
"msn.com", "telegraph.co.uk", 17
"cnn.com", "microsoft.com", 17
"go.com", "msn.com", 17
"live.com", "timesonline.co.uk", 17
"reuters.com", "whitehouse.gov", 17
"huffingtonpost.com", "telegraph.co.uk", 17
"google.com", "vimeo.com", 16
"google.com", "latimes.com", 16
"amazon.com", "reddit.com", 16
"bit.ly", "msdn.com", 16
"americablog.com", "latimes.com", 16
"cnet.com", "washingtonpost.com", 16
"go.com", "latimes.com", 16
"bigblog.com", "digg.com", 16
"google.de", "msn.com", 16
"reuters.com", "twitter.com", 16
"flickr.com", "msn.com", 15
"bit.ly", "latimes.com", 15
"facebook.com", "nytimes.com", 15
"adobe.com", "bbc.co.uk", 15
"imdb.com", "nytimes.com", 15
"imdb.com", "siimteller.com", 15
"cnn.com", "timesonline.co.uk", 15
"digg.com", "washingtonpost.com", 15
"cnet.com", "myspace.com", 15
"cnet.com", "live.com", 15
"live.com", "reuters.com", 15
"dailykos.com", "latimes.com", 15
"dailykos.com", "reuters.com", 15
"reuters.com", "telegraph.co.uk", 15
"engadget.com", "twitter.com", 15
"engadget.com", "live.com", 15
"bloomberg.com", "twitter.com", 15
"bloomberg.com", "wikipedia.org", 15
"bloomberg.com", "go.com", 15
"github.com", "google.com", 15
"livedoor.com", "techcrunch.com", 15
"blogspot.com", "wefollow.com", 14
"google.com", "myspace.com", 14
"bbc.co.uk", "digg.com", 14
"digg.com", "mylinkvault.com", 14
"cnet.com", "usatoday.com", 14
"technorati.com", "washingtonpost.com", 14
"latimes.com", "twitter.com", 14
"latimes.com", "telegraph.co.uk", 14
"dailykos.com", "usatoday.com", 14
"ameblo.jp", "engadget.com", 14
"timesonline.co.uk", "washingtonpost.com", 14
"sourceforge.net", "typepad.com", 14
"wikipedia.org", "yahoo.co.jp", 13
"google.com", "msdn.com", 13
"myspace.com", "techcrunch.com", 13
"apple.com", "engadget.com", 13
"typepad.com", "wnyc.org", 13
"bbc.co.uk", "facebook.com", 13
"bbc.co.uk", "reuters.com", 13
"bbc.co.uk", "livejournal.com", 13
"americablog.com", "google.com", 13
"mylinkvault.com", "oyax.com", 13
"bigblog.com", "nytimes.com", 13
"netvouz.com", "nytimes.com", 13
"dailykos.com", "guardian.co.uk", 13
"ameblo.jp", "apple.com", 13
"reuters.com", "usatoday.com", 13
"delicious.com", "google.com", 13
"stumbleupon.com", "washingtonpost.com", 13
"whitehouse.gov", "wsj.com", 13
"google.com", "netvouz.com", 12
"google.com", "wordpress.org", 12
"flickr.com", "go.com", 12
"myspace.com", "photobucket.com", 12
"topix.net", "yahoo.com", 12
"topix.net", "usatoday.com", 12
"bbc.co.uk", "bloomberg.com", 12
"americablog.com", "typepad.com", 12
"cnn.com", "myspace.com", 12
"cnet.com", "telegraph.co.uk", 12
"go.com", "wsj.com", 12
"creativecommons.org", "wikipedia.org", 12
"bigblog.com", "reuters.com", 12
"live.com", "wordpress.org", 12
"dailykos.com", "go.com", 12
"rakuten.co.jp", "wordpress.com", 12
"amazon.co.jp", "livedoor.com", 12
"macromedia.com", "wordpress.com", 12
"whitehouse.gov", "yahoo.com", 12
"usatoday.com", "youtube.com", 12
"google.com", "photobucket.com", 11
"google.com", "sourceforge.net", 11
"flickr.com", "nytimes.com", 11
"flickr.com", "myspace.com", 11
"flickr.com", "telegraph.co.uk", 11
"facebook.com", "flickr.com", 11
"feedburner.com", "youtube.com", 11
"adobe.com", "live.com", 11
"imdb.com", "yahoo.com", 11
"imdb.com", "latimes.com", 11
"americablog.com", "wikipedia.org", 11
"cnn.com", "techcrunch.com", 11
"cnet.com", "livedoor.jp", 11
"technorati.com", "wsj.com", 11
"bigblog.com", "go.com", 11
"live.com", "wsj.com", 11
"netvouz.com", "sourceforge.net", 11
"dailykos.com", "twitter.com", 11
"cnbc.com", "cnn.com", 11
"cdc.gov", "huffingtonpost.com", 11
"rakuten.co.jp", "yahoo.com", 11
"bloomberg.com", "telegraph.co.uk", 11
"livedoor.jp", "twitter.com", 11
"livedoor.jp", "reuters.com", 11
"timesonline.co.uk", "yahoo.com", 11
"google.com", "timesonline.co.uk", 10
"amazon.com", "telegraph.co.uk", 10
"apple.com", "nytimes.com", 10
"apple.com", "cnn.com", 10
"feedburner.com", "yahoo.com", 10
"msn.com", "myspace.com", 10
"digg.com", "msn.com", 10
"go.com", "guardian.co.uk", 10
"creativecommons.org", "google.com", 10
"google.de", "typepad.com", 10
"ameblo.jp", "microsoft.com", 10
"engadget.com", "youtube.com", 10
"wnyc.org", "wordpress.com", 10
"bloomberg.com", "imdb.com", 10
"bloomberg.com", "timesonline.co.uk", 10
"bloomberg.com", "whitehouse.gov", 10
"addthis.com", "indeed.com", 10
"msdn.com", "tinyurl.com", 10
"huffingtonpost.com", "imdb.com", 10
"huffingtonpost.com", "vimeo.com", 10
"huffingtonpost.com", "usatoday.com", 10
"blogalaxia.com", "wordpress.com", 10
"24timepass.com", "newscola.com", 10
"google.com", "livejournal.com", 9
"blogger.com", "yahoo.com", 9
"blogger.com", "live.com", 9
"flickr.com", "wnyc.org", 9
"nytimes.com", "tinyurl.com", 9
"bit.ly", "techcrunch.com", 9
"apple.com", "livedoor.com", 9
"feedburner.com", "twitter.com", 9
"feedburner.com", "wordpress.org", 9
"adobe.com", "cnet.com", 9
"imdb.com", "washingtonpost.com", 9
"americablog.com", "whitehouse.gov", 9
"cnet.com", "msdn.com", 9
"live.com", "techcrunch.com", 9
"ameblo.jp", "twitter.com", 9
"cdc.gov", "nytimes.com", 9
"photobucket.com", "yahoo.com", 9
"engadget.com", "google.com", 9
"is.gd", "latimes.com", 9
"techcrunch.com", "telegraph.co.uk", 9
"livedoor.jp", "wordpress.com", 9
"msdn.com", "technorati.com", 9
"msdn.com", "telegraph.co.uk", 9
"sourceforge.net", "yahoo.com", 9
"blogalaxia.com", "google.com", 9
"livejournal.com", "nytimes.com", 9
"livedoor.com", "wikipedia.org", 9
"livedoor.com", "msn.com", 9
"twitter.com", "usatoday.com", 8
"amazon.com", "cnbc.com", 8
"flickr.com", "livedoor.jp", 8
"flickr.com", "msdn.com", 8
"nytimes.com", "vimeo.com", 8
"myspace.com", "nytimes.com", 8
"bit.ly", "digg.com", 8
"apple.com", "guardian.co.uk", 8
"facebook.com", "telegraph.co.uk", 8
"facebook.com", "msdn.com", 8
"facebook.com", "huffingtonpost.com", 8
"microsoft.com", "techcrunch.com", 8
"feedburner.com", "microsoft.com", 8
"bbc.co.uk", "go.com", 8
"bbc.co.uk", "msdn.com", 8
"guardian.co.uk", "whitehouse.gov", 8
"digg.com", "twitter.com", 8
"cnet.com", "rakuten.co.jp", 8
"cnet.com", "huffingtonpost.com", 8
"fc2.com", "imdb.com", 8
"fc2.com", "guardian.co.uk", 8
"vimeo.com", "yahoo.com", 8
"live.com", "wefollow.com", 8
"dailykos.com", "telegraph.co.uk", 8
"cnbc.com", "google.com", 8
"cdc.gov", "washingtonpost.com", 8
"engadget.com", "livedoor.com", 8
"bloomberg.com", "youtube.com", 8
"livedoor.jp", "microsoft.com", 8
"msdn.com", "yahoo.com", 8
"msdn.com", "techcrunch.com", 8
"huffingtonpost.com", "tinyurl.com", 8
"huffingtonpost.com", "live.com", 8
"usatoday.com", "wikipedia.org", 8
"24timepass.com", "youtube.com", 8
"google.com", "imdb.com", 7
"flickr.com", "wikipedia.org", 7
"myspace.com", "rakuten.co.jp", 7
"myspace.com", "usatoday.com", 7
"apple.com", "wikipedia.org", 7
"facebook.com", "washingtonpost.com", 7
"facebook.com", "msn.com", 7
"tinyurl.com", "wikipedia.org", 7
"tinyurl.com", "yahoo.com", 7
"feedburner.com", "msdn.com", 7
"bbc.co.uk", "latimes.com", 7
"americablog.com", "bbc.co.uk", 7
"americablog.com", "usatoday.com", 7
"msn.com", "whitehouse.gov", 7
"guardian.co.uk", "wnyc.org", 7
"guardian.co.uk", "livejournal.com", 7
"cnn.com", "engadget.com", 7
"digg.com", "imdb.com", 7
"digg.com", "guardian.co.uk", 7
"digg.com", "jumptags.com", 7
"digg.com", "techcrunch.com", 7
"cnet.com", "feedburner.com", 7
"cnet.com", "latimes.com", 7
"cnet.com", "livejournal.com", 7
"go.com", "google.de", 7
"go.com", "telegraph.co.uk", 7
"go.com", "usatoday.com", 7
"creativecommons.org", "live.com", 7
"fc2.com", "tinyurl.com", 7
"netvouz.com", "wordpress.com", 7
"cnbc.com", "msn.com", 7
"cnbc.com", "reuters.com", 7
"ameblo.jp", "imdb.com", 7
"reuters.com", "youtube.com", 7
"cdc.gov", "msn.com", 7
"indeed.com", "yahoo.com", 7
"techcrunch.com", "youtube.com", 7
"techcrunch.com", "whitehouse.gov", 7
"bloomberg.com", "cnet.com", 7
"livedoor.jp", "tinyurl.com", 7
"msdn.com", "typepad.com", 7
"wikipedia.org", "wsj.com", 6
"google.com", "livedoor.com", 6
"blogger.com", "cnet.com", 6
"blogger.com", "reddit.com", 6
"wordpress.com", "yahoo.co.jp", 6
"flickr.com", "wordpress.org", 6
"myspace.com", "youtube.com", 6
"bit.ly", "yahoo.com", 6
"apple.com", "tinyurl.com", 6
"apple.com", "msdn.com", 6
"facebook.com", "feedburner.com", 6
"feedburner.com", "wikipedia.org", 6
"feedburner.com", "wnyc.org", 6
"adobe.com", "wikipedia.org", 6
"adobe.com", "apple.com", 6
"adobe.com", "vimeo.com", 6
"bbc.co.uk", "flickr.com", 6
"bbc.co.uk", "washingtonpost.com", 6
"bbc.co.uk", "wsj.com", 6
"bbc.co.uk", "netvouz.com", 6
"bbc.co.uk", "wnyc.org", 6
"imdb.com", "livedoor.jp", 6
"oyax.com", "wordpress.com", 6
"americablog.com", "wsj.com", 6
"msn.com", "technorati.com", 6
"msn.com", "reddit.com", 6
"wefollow.com", "wordpress.com", 6
"guardian.co.uk", "usatoday.com", 6
"cnn.com", "tinyurl.com", 6
"cnn.com", "livedoor.jp", 6
"digg.com", "vimeo.com", 6
"cnet.com", "imdb.com", 6
"go.com", "twitter.com", 6
"fc2.com", "twitter.com", 6
"fc2.com", "huffingtonpost.com", 6
"bigblog.com", "guardian.co.uk", 6
"bigblog.com", "usatoday.com", 6
"icio.us", "live.com", 6
"cdc.gov", "topix.net", 6
"engadget.com", "microsoft.com", 6
"telegraph.co.uk", "vimeo.com", 6
"techcrunch.com", "usatoday.com", 6
"amazon.co.jp", "typepad.com", 6
"bloomberg.com", "latimes.com", 6
"bloomberg.com", "reuters.com", 6
"addthis.com", "myspace.com", 6
"msdn.com", "nytimes.com", 6
"timesonline.co.uk", "wsj.com", 6
"yahoo.co.jp", "yahoo.com", 6
"livejournal.com", "msn.com", 6
"google.com", "wnyc.org", 5
"amazon.com", "wordpress.org", 5
"amazon.com", "bloomberg.com", 5
"flickr.com", "youtube.com", 5
"flickr.com", "siimteller.com", 5
"flickr.com", "reddit.com", 5
"nytimes.com", "reddit.com", 5
"myspace.com", "telegraph.co.uk", 5
"bit.ly", "wordpress.org", 5
"apple.com", "youtube.com", 5
"apple.com", "bbc.co.uk", 5
"typepad.com", "wordpress.org", 5
"adobe.com", "ameblo.jp", 5
"topix.net", "youtube.com", 5
"topix.net", "wordpress.com", 5
"topix.net", "wsj.com", 5
"bbc.co.uk", "cnn.com", 5
"bbc.co.uk", "cnet.com", 5
"bbc.co.uk", "techcrunch.com", 5
"msn.com", "netvouz.com", 5
"msn.com", "timesonline.co.uk", 5
"guardian.co.uk", "msdn.com", 5
"cnn.com", "fc2.com", 5
"digg.com", "live.com", 5
"digg.com", "sourceforge.net", 5
"cnet.com", "tinyurl.com", 5
"cnet.com", "go.com", 5
"cnet.com", "fc2.com", 5
"creativecommons.org", "yahoo.com", 5
"fc2.com", "myspace.com", 5
"fc2.com", "live.com", 5
"google.de", "nytimes.com", 5
"google.de", "latimes.com", 5
"live.com", "tinyurl.com", 5
"live.com", "livejournal.com", 5
"latimes.com", "tinyurl.com", 5
"dailykos.com", "tinyurl.com", 5
"cnbc.com", "cnet.com", 5
"cnbc.com", "huffingtonpost.com", 5
"ameblo.jp", "cnn.com", 5
"ameblo.jp", "telegraph.co.uk", 5
"cdc.gov", "guardian.co.uk", 5
"cdc.gov", "go.com", 5
"wordpress.org", "yahoo.com", 5
"engadget.com", "nytimes.com", 5
"livedoor.jp", "techcrunch.com", 5
"msdn.com", "timesonline.co.uk", 5
"blogalaxia.com", "live.com", 5
"siimteller.com", "youtube.com", 5
"github.com", "typepad.com", 5
"github.com", "netvouz.com", 5
"twitter.com", "youtube.com", 4
"wikipedia.org", "wnyc.org", 4
"google.com", "is.gd", 4
"google.com", "indeed.com", 4
"google.com", "siimteller.com", 4
"amazon.com", "ameblo.jp", 4
"amazon.com", "usatoday.com", 4
"bit.ly", "telegraph.co.uk", 4
"apple.com", "telegraph.co.uk", 4
"apple.com", "huffingtonpost.com", 4
"apple.com", "siimteller.com", 4
"facebook.com", "go.com", 4
"microsoft.com", "rakuten.co.jp", 4
"tinyurl.com", "youtube.com", 4
"feedburner.com", "techcrunch.com", 4
"adobe.com", "youtube.com", 4
"adobe.com", "msdn.com", 4
"bbc.co.uk", "myspace.com", 4
"bbc.co.uk", "dailykos.com", 4
"orble.com", "yahoo.com", 4
"orble.com", "stumbleupon.com", 4
"guardian.co.uk", "microsoft.com", 4
"digg.com", "flickr.com", 4
"digg.com", "orble.com", 4
"cnet.com", "icio.us", 4
"cnet.com", "delicious.com", 4
"cnet.com", "timesonline.co.uk", 4
"go.com", "wikipedia.org", 4
"go.com", "livedoor.jp", 4
"fc2.com", "microsoft.com", 4
"technorati.com", "wordpress.org", 4
"bigblog.com", "imdb.com", 4
"live.com", "msplinks.com", 4
"live.com", "vimeo.com", 4
"live.com", "macromedia.com", 4
"netvouz.com", "wikipedia.org", 4
"latimes.com", "topix.net", 4
"latimes.com", "timesonline.co.uk", 4
"dailykos.com", "wsj.com", 4
"ameblo.jp", "live.com", 4
"ameblo.jp", "sourceforge.net", 4
"icio.us", "orble.com", 4
"cdc.gov", "msdn.com", 4
"photobucket.com", "techcrunch.com", 4
"engadget.com", "photobucket.com", 4
"indeed.com", "wordpress.com", 4
"telegraph.co.uk", "topix.net", 4
"amazon.co.jp", "cnet.com", 4
"bloomberg.com", "washingtonpost.com", 4
"bloomberg.com", "usatoday.com", 4
"msdn.com", "vimeo.com", 4
"blogalaxia.com", "flickr.com", 4
"reddit.com", "washingtonpost.com", 4
"usatoday.com", "wsj.com", 4
"github.com", "wikipedia.org", 4
"24timepass.com", "myspace.com", 4
"24timepass.com", "microsoft.com", 4
"24timepass.com", "cnet.com", 4
"livedoor.com", "reuters.com", 4
"amazon.com", "netvouz.com", 3
"flickr.com", "netvouz.com", 3
"flickr.com", "techcrunch.com", 3
"flickr.com", "huffingtonpost.com", 3
"myspace.com", "wnyc.org", 3
"apple.com", "microsoft.com", 3
"tinyurl.com", "topix.net", 3
"typepad.com", "wefollow.com", 3
"feedburner.com", "nytimes.com", 3
"feedburner.com", "myspace.com", 3
"adobe.com", "flickr.com", 3
"adobe.com", "microsoft.com", 3
"adobe.com", "msn.com", 3
"adobe.com", "fc2.com", 3
"topix.net", "washingtonpost.com", 3
"bbc.co.uk", "microsoft.com", 3
"bbc.co.uk", "imdb.com", 3
"bbc.co.uk", "engadget.com", 3
"imdb.com", "myspace.com", 3
"imdb.com", "msdn.com", 3
"americablog.com", "vimeo.com", 3
"americablog.com", "bloomberg.com", 3
"orble.com", "wikipedia.org", 3
"guardian.co.uk", "netvouz.com", 3
"guardian.co.uk", "reddit.com", 3
"cnn.com", "flickr.com", 3
"cnn.com", "digg.com", 3
"cnn.com", "reddit.com", 3
"digg.com", "go.com", 3
"digg.com", "github.com", 3
"cnet.com", "topix.net", 3
"cnet.com", "wefollow.com", 3
"creativecommons.org", "flickr.com", 3
"creativecommons.org", "msdn.com", 3
"fc2.com", "typepad.com", 3
"fc2.com", "go.com", 3
"bigblog.com", "cnbc.com", 3
"google.de", "guardian.co.uk", 3
"jumptags.com", "mylinkvault.com", 3
"newscola.com", "youtube.com", 3
"dailykos.com", "timesonline.co.uk", 3
"dailykos.com", "whitehouse.gov", 3
"cnbc.com", "whitehouse.gov", 3
"ameblo.jp", "bbc.co.uk", 3
"ameblo.jp", "go.com", 3
"ameblo.jp", "vimeo.com", 3
"reuters.com", "tinyurl.com", 3
"reuters.com", "timesonline.co.uk", 3
"cdc.gov", "latimes.com", 3
"engadget.com", "msn.com", 3
"engadget.com", "fc2.com", 3
"engadget.com", "rakuten.co.jp", 3
"engadget.com", "livedoor.jp", 3
"engadget.com", "sourceforge.net", 3
"is.gd", "washingtonpost.com", 3
"indeed.com", "zappos.com", 3
"techcrunch.com", "wordpress.org", 3
"stumbleupon.com", "typepad.com", 3
"bloomberg.com", "feedburner.com", 3
"bloomberg.com", "cnn.com", 3
"bloomberg.com", "techcrunch.com", 3
"bloomberg.com", "rakuten.co.jp", 3
"msdn.com", "myspace.com", 3
"msdn.com", "netvouz.com", 3
"yahoo.co.jp", "youtube.com", 3
"siimteller.com", "wordpress.com", 3
"macromedia.com", "typepad.com", 3
"reddit.com", "twitter.com", 3
"reddit.com", "whitehouse.gov", 3
"24timepass.com", "jumptags.com", 3
"twitter.com", "wordpress.org", 2
"twitter.com", "wnyc.org", 2
"google.com", "oyax.com", 2
"google.com", "whitehouse.gov", 2
"blogger.com", "msn.com", 2
"amazon.com", "newscola.com", 2
"amazon.com", "is.gd", 2
"amazon.com", "indeed.com", 2
"amazon.com", "siimteller.com", 2
"amazon.com", "github.com", 2
"flickr.com", "washingtonpost.com", 2
"flickr.com", "github.com", 2
"flickr.com", "livedoor.com", 2
"myspace.com", "washingtonpost.com", 2
"bit.ly", "youtube.com", 2
"bit.ly", "myspace.com", 2
"bit.ly", "feedburner.com", 2
"bit.ly", "mylinkvault.com", 2
"bit.ly", "cnet.com", 2
"bit.ly", "reuters.com", 2
"bit.ly", "wnyc.org", 2
"apple.com", "feedburner.com", 2
"apple.com", "msn.com", 2
"apple.com", "netvouz.com", 2
"apple.com", "latimes.com", 2
"apple.com", "sourceforge.net", 2
"facebook.com", "reddit.com", 2
"microsoft.com", "nytimes.com", 2
"microsoft.com", "wordpress.org", 2
"microsoft.com", "sourceforge.net", 2
"microsoft.com", "usatoday.com", 2
"tinyurl.com", "wsj.com", 2
"igooi.com", "wordpress.com", 2
"adobe.com", "amazon.com", 2
"adobe.com", "facebook.com", 2
"adobe.com", "livedoor.jp", 2
"bbc.co.uk", "tinyurl.com", 2
"bbc.co.uk", "google.de", 2
"bbc.co.uk", "cdc.gov", 2
"imdb.com", "msn.com", 2
"imdb.com", "telegraph.co.uk", 2
"imdb.com", "reddit.com", 2
"washingtonpost.com", "wnyc.org", 2
"americablog.com", "imdb.com", 2
"msn.com", "vimeo.com", 2
"msn.com", "photobucket.com", 2
"msn.com", "yahoo.co.jp", 2
"guardian.co.uk", "stumbleupon.com", 2
"cnn.com", "msdn.com", 2
"digg.com", "nytimes.com", 2
"digg.com", "oyax.com", 2
"digg.com", "telegraph.co.uk", 2
"digg.com", "usatoday.com", 2
"cnet.com", "wordpress.org", 2
"cnet.com", "sourceforge.net", 2
"go.com", "photobucket.com", 2
"go.com", "rakuten.co.jp", 2
"go.com", "whitehouse.gov", 2
"creativecommons.org", "youtube.com", 2
"creativecommons.org", "guardian.co.uk", 2
"fc2.com", "wsj.com", 2
"google.de", "netvouz.com", 2
"google.de", "telegraph.co.uk", 2
"google.de", "huffingtonpost.com", 2
"google.de", "usatoday.com", 2
"jumptags.com", "wordpress.com", 2
"live.com", "oyax.com", 2
"netvouz.com", "typepad.com", 2
"newscola.com", "wordpress.com", 2
"latimes.com", "rakuten.co.jp", 2
"latimes.com", "usatoday.com", 2
"cnbc.com", "twitter.com", 2
"cnbc.com", "washingtonpost.com", 2
"cnbc.com", "techcrunch.com", 2
"ameblo.jp", "guardian.co.uk", 2
"ameblo.jp", "cdc.gov", 2
"ameblo.jp", "techcrunch.com", 2
"ameblo.jp", "bloomberg.com", 2
"doubleclick.net", "microsoft.com", 2
"doubleclick.net", "live.com", 2
"doubleclick.net", "telegraph.co.uk", 2
"icio.us", "typepad.com", 2
"reuters.com", "topix.net", 2
"cdc.gov", "google.com", 2
"cdc.gov", "fc2.com", 2
"engadget.com", "reuters.com", 2
"engadget.com", "techcrunch.com", 2
"is.gd", "yahoo.com", 2
"is.gd", "mylinkvault.com", 2
"telegraph.co.uk", "usatoday.com", 2
"wnyc.org", "wsj.com", 2
"rakuten.co.jp", "wsj.com", 2
"delicious.com", "guardian.co.uk", 2
"delicious.com", "livedoor.jp", 2
"amazon.co.jp", "live.com", 2
"bloomberg.com", "tinyurl.com", 2
"bloomberg.com", "mylinkvault.com", 2
"bloomberg.com", "msdn.com", 2
"msdn.com", "washingtonpost.com", 2
"msdn.com", "whitehouse.gov", 2
"msdn.com", "ow.ly", 2
"timesonline.co.uk", "wikipedia.org", 2
"huffingtonpost.com", "myspace.com", 2
"huffingtonpost.com", "photobucket.com", 2
"huffingtonpost.com", "techcrunch.com", 2
"huffingtonpost.com", "reddit.com", 2
"siimteller.com", "wikipedia.org", 2
"macromedia.com", "yahoo.com", 2
"reddit.com", "typepad.com", 2
"reddit.com", "techcrunch.com", 2
"livejournal.com", "myspace.com", 2
"livejournal.com", "wsj.com", 2
"livejournal.com", "telegraph.co.uk", 2
"livejournal.com", "techcrunch.com", 2
"github.com", "msdn.com", 2
"github.com", "livedoor.com", 2
"24timepass.com", "google.com", 2
"24timepass.com", "nytimes.com", 2
"24timepass.com", "bbc.co.uk", 2
"24timepass.com", "guardian.co.uk", 2
"24timepass.com", "digg.com", 2
"24timepass.com", "huffingtonpost.com", 2
"24timepass.com", "livejournal.com", 2
"ow.ly", "techcrunch.com", 2
"livedoor.com", "wordpress.com", 2
"google.com", "zappos.com", 1
"google.com", "mylinkvault.com", 1
"google.com", "newscola.com", 1
"blogger.com", "dailykos.com", 1
"blogger.com", "cnbc.com", 1
"amazon.com", "twitter.com", 1
"amazon.com", "microsoft.com", 1
"amazon.com", "topix.net", 1
"amazon.com", "americablog.com", 1
"amazon.com", "orble.com", 1
"amazon.com", "fc2.com", 1
"amazon.com", "livedoor.jp", 1
"flickr.com", "oyax.com", 1
"flickr.com", "whitehouse.gov", 1
"nytimes.com", "zappos.com", 1
"nytimes.com", "orble.com", 1
"blogmura.com", "google.com", 1
"blogmura.com", "live.com", 1
"myspace.com", "topix.net", 1
"myspace.com", "orble.com", 1
"myspace.com", "wsj.com", 1
"myspace.com", "reuters.com", 1
"msplinks.com", "typepad.com", 1
"bit.ly", "msn.com", 1
"bit.ly", "live.com", 1
"bit.ly", "dailykos.com", 1
"bit.ly", "indeed.com", 1
"bit.ly", "delicious.com", 1
"apple.com", "twitter.com", 1
"apple.com", "blogger.com", 1
"apple.com", "flickr.com", 1
"apple.com", "digg.com", 1
"apple.com", "vimeo.com", 1
"apple.com", "rakuten.co.jp", 1
"apple.com", "usatoday.com", 1
"apple.com", "github.com", 1
"facebook.com", "youtube.com", 1
"facebook.com", "netvouz.com", 1
"facebook.com", "latimes.com", 1
"facebook.com", "timesonline.co.uk", 1
"facebook.com", "usatoday.com", 1
"microsoft.com", "twitter.com", 1
"microsoft.com", "wikipedia.org", 1
"microsoft.com", "wsj.com", 1
"microsoft.com", "netvouz.com", 1
"microsoft.com", "reuters.com", 1
"microsoft.com", "telegraph.co.uk", 1
"feedburner.com", "flickr.com", 1
"feedburner.com", "tinyurl.com", 1
"feedburner.com", "guardian.co.uk", 1
"feedburner.com", "mylinkvault.com", 1
"feedburner.com", "wsj.com", 1
"feedburner.com", "icio.us", 1
"feedburner.com", "photobucket.com", 1
"feedburner.com", "huffingtonpost.com", 1
"feedburner.com", "github.com", 1
"adobe.com", "myspace.com", 1
"adobe.com", "guardian.co.uk", 1
"adobe.com", "wsj.com", 1
"adobe.com", "cdc.gov", 1
"adobe.com", "wordpress.org", 1
"adobe.com", "whitehouse.gov", 1
"adobe.com", "github.com", 1
"topix.net", "wikipedia.org", 1
"bbc.co.uk", "feedburner.com", 1
"bbc.co.uk", "bigblog.com", 1
"bbc.co.uk", "livedoor.jp", 1
"bbc.co.uk", "siimteller.com", 1
"bbc.co.uk", "reddit.com", 1
"bbc.co.uk", "usatoday.com", 1
"oyax.com", "yahoo.com", 1
"oyax.com", "tinyurl.com", 1
"oyax.com", "usatoday.com", 1
"washingtonpost.com", "zappos.com", 1
"americablog.com", "twitter.com", 1
"americablog.com", "technorati.com", 1
"americablog.com", "telegraph.co.uk", 1
"americablog.com", "timesonline.co.uk", 1
"americablog.com", "livejournal.com", 1
"orble.com", "youtube.com", 1
"orble.com", "tinyurl.com", 1
"orble.com", "wsj.com", 1
"msn.com", "sourceforge.net", 1
"msn.com", "siimteller.com", 1
"guardian.co.uk", "vimeo.com", 1
"guardian.co.uk", "wordpress.org", 1
"mylinkvault.com", "twitter.com", 1
"mylinkvault.com", "wikipedia.org", 1
"cnn.com", "photobucket.com", 1
"cnn.com", "indeed.com", 1
"digg.com", "wsj.com", 1
"wsj.com", "yahoo.co.jp", 1
"cnet.com", "vimeo.com", 1
"cnet.com", "netvouz.com", 1
"cnet.com", "is.gd", 1
"cnet.com", "stumbleupon.com", 1
"cnet.com", "yahoo.co.jp", 1
"go.com", "tinyurl.com", 1
"go.com", "imdb.com", 1
"go.com", "techcrunch.com", 1
"go.com", "siimteller.com", 1
"creativecommons.org", "nytimes.com", 1
"creativecommons.org", "facebook.com", 1
"creativecommons.org", "microsoft.com", 1
"creativecommons.org", "washingtonpost.com", 1
"creativecommons.org", "fc2.com", 1
"creativecommons.org", "sourceforge.net", 1
"creativecommons.org", "whitehouse.gov", 1
"fc2.com", "nytimes.com", 1
"fc2.com", "washingtonpost.com", 1
"fc2.com", "photobucket.com", 1
"fc2.com", "telegraph.co.uk", 1
"fc2.com", "techcrunch.com", 1
"fc2.com", "timesonline.co.uk", 1
"vimeo.com", "washingtonpost.com", 1
"bigblog.com", "timesonline.co.uk", 1
"google.de", "tinyurl.com", 1
"google.de", "wsj.com", 1
"google.de", "livedoor.jp", 1
"jumptags.com", "twitter.com", 1
"jumptags.com", "youtube.com", 1
"live.com", "mylinkvault.com", 1
"live.com", "netvouz.com", 1
"live.com", "telegraph.co.uk", 1
"live.com", "rakuten.co.jp", 1
"live.com", "stumbleupon.com", 1
"live.com", "livedoor.jp", 1
"live.com", "reddit.com", 1
"netvouz.com", "twitter.com", 1
"netvouz.com", "youtube.com", 1
"netvouz.com", "wsj.com", 1
"netvouz.com", "techcrunch.com", 1
"newscola.com", "yahoo.com", 1
"latimes.com", "livedoor.jp", 1
"cnbc.com", "wikipedia.org", 1
"cnbc.com", "youtube.com", 1
"cnbc.com", "facebook.com", 1
"cnbc.com", "microsoft.com", 1
"cnbc.com", "guardian.co.uk", 1
"cnbc.com", "netvouz.com", 1
"cnbc.com", "timesonline.co.uk", 1
"cnbc.com", "usatoday.com", 1
"ameblo.jp", "nytimes.com", 1
"ameblo.jp", "facebook.com", 1
"ameblo.jp", "typepad.com", 1
"ameblo.jp", "wsj.com", 1
"ameblo.jp", "latimes.com", 1
"ameblo.jp", "wordpress.org", 1
"ameblo.jp", "timesonline.co.uk", 1
"ameblo.jp", "usatoday.com", 1
"doubleclick.net", "typepad.com", 1
"doubleclick.net", "guardian.co.uk", 1
"doubleclick.net", "livedoor.jp", 1
"cdc.gov", "youtube.com", 1
"cdc.gov", "digg.com", 1
"cdc.gov", "whitehouse.gov", 1
"cdc.gov", "usatoday.com", 1
"cdc.gov", "livedoor.com", 1
"photobucket.com", "vimeo.com", 1
"photobucket.com", "wordpress.org", 1
"photobucket.com", "reddit.com", 1
"engadget.com", "myspace.com", 1
"engadget.com", "tinyurl.com", 1
"engadget.com", "feedburner.com", 1
"engadget.com", "telegraph.co.uk", 1
"is.gd", "telegraph.co.uk", 1
"is.gd", "techcrunch.com", 1
"indeed.com", "twitter.com", 1
"indeed.com", "nytimes.com", 1
"indeed.com", "myspace.com", 1
"indeed.com", "tinyurl.com", 1
"indeed.com", "msn.com", 1
"techcrunch.com", "tinyurl.com", 1
"techcrunch.com", "topix.net", 1
"techcrunch.com", "yahoo.co.jp", 1
"rakuten.co.jp", "techcrunch.com", 1
"delicious.com", "reddit.com", 1
"stumbleupon.com", "techcrunch.com", 1
"amazon.co.jp", "yahoo.co.jp", 1
"bloomberg.com", "facebook.com", 1
"bloomberg.com", "fc2.com", 1
"bloomberg.com", "cnbc.com", 1
"bloomberg.com", "reddit.com", 1
"addthis.com", "wikipedia.org", 1
"livedoor.jp", "wsj.com", 1
"livedoor.jp", "telegraph.co.uk", 1
"livedoor.jp", "usatoday.com", 1
"msdn.com", "wsj.com", 1
"timesonline.co.uk", "topix.net", 1
"huffingtonpost.com", "topix.net", 1
"huffingtonpost.com", "orble.com", 1
"huffingtonpost.com", "wnyc.org", 1
"huffingtonpost.com", "msdn.com", 1
"sourceforge.net", "tinyurl.com", 1
"sourceforge.net", "techcrunch.com", 1
"macromedia.com", "yahoo.co.jp", 1
"whitehouse.gov", "wnyc.org", 1
"reddit.com", "wsj.com", 1
"reddit.com", "reuters.com", 1
"livejournal.com", "washingtonpost.com", 1
"livejournal.com", "reuters.com", 1
"livejournal.com", "wordpress.org", 1
"livejournal.com", "msdn.com", 1
"livejournal.com", "reddit.com", 1
"usatoday.com", "whitehouse.gov", 1
"github.com", "techcrunch.com", 1
"github.com", "livedoor.jp", 1
"github.com", "sourceforge.net", 1
"24timepass.com", "wordpress.com", 1
"ow.ly", "yahoo.com", 1
"ow.ly", "washingtonpost.com", 1
"livedoor.com", "twitter.com", 1
"livedoor.com", "youtube.com", 1
"livedoor.com", "nytimes.com", 1
"livedoor.com", "yahoo.com", 1
"livedoor.com", "myspace.com", 1
"livedoor.com", "microsoft.com", 1
"livedoor.com", "typepad.com", 1
